{"chessboard_points": [[0.0, 0.0, 0.0], [0.024399999529123306, 0.0, 0.0], [0.04879999905824661, 0.0, 0.0], [0.07320000231266022, 0.0, 0.0], [0.09759999811649323, 0.0, 0.0], [0.12199999392032623, 0.0, 0.0], [0.14640000462532043, 0.0, 0.0], [0.17080000042915344, 0.0, 0.0], [0.19519999623298645, 0.0, 0.0], [0.0, 0.024399999529123306, 0.0], [0.024399999529123306, 0.024399999529123306, 0.0], [0.04879999905824661, 0.024399999529123306, 0.0], [0.07320000231266022, 0.024399999529123306, 0.0], [0.09759999811649323, 0.024399999529123306, 0.0], [0.12199999392032623, 0.024399999529123306, 0.0], [0.14640000462532043, 0.024399999529123306, 0.0], [0.17080000042915344, 0.024399999529123306, 0.0], [0.19519999623298645, 0.024399999529123306, 0.0], [0.0, 0.04879999905824661, 0.0], [0.024399999529123306, 0.04879999905824661, 0.0], [0.04879999905824661, 0.04879999905824661, 0.0], [0.07320000231266022, 0.04879999905824661, 0.0], [0.09759999811649323, 0.04879999905824661, 0.0], [0.12199999392032623, 0.04879999905824661, 0.0], [0.14640000462532043, 0.04879999905824661, 0.0], [0.17080000042915344, 0.04879999905824661, 0.0], [0.19519999623298645, 0.04879999905824661, 0.0], [0.0, 0.07320000231266022, 0.0], [0.024399999529123306, 0.07320000231266022, 0.0], [0.04879999905824661, 0.07320000231266022, 0.0], [0.07320000231266022, 0.07320000231266022, 0.0], [0.09759999811649323, 0.07320000231266022, 0.0], [0.12199999392032623, 0.07320000231266022, 0.0], [0.14640000462532043, 0.07320000231266022, 0.0], [0.17080000042915344, 0.07320000231266022, 0.0], [0.19519999623298645, 0.07320000231266022, 0.0], [0.0, 0.09759999811649323, 0.0], [0.024399999529123306, 0.09759999811649323, 0.0], [0.04879999905824661, 0.09759999811649323, 0.0], [0.07320000231266022, 0.09759999811649323, 0.0], [0.09759999811649323, 0.09759999811649323, 0.0], [0.12199999392032623, 0.09759999811649323, 0.0], [0.14640000462532043, 0.09759999811649323, 0.0], [0.17080000042915344, 0.09759999811649323, 0.0], [0.19519999623298645, 0.09759999811649323, 0.0], [0.0, 0.12199999392032623, 0.0], [0.024399999529123306, 0.12199999392032623, 0.0], [0.04879999905824661, 0.12199999392032623, 0.0], [0.07320000231266022, 0.12199999392032623, 0.0], [0.09759999811649323, 0.12199999392032623, 0.0], [0.12199999392032623, 0.12199999392032623, 0.0], [0.14640000462532043, 0.12199999392032623, 0.0], [0.17080000042915344, 0.12199999392032623, 0.0], [0.19519999623298645, 0.12199999392032623, 0.0]], "chessboard_inner_corners": [9, 6], "chessboard_spacing_m": 0.0244, "image_resolution": [5184, 3456], "camera_matrix": [[5867.409092006335, 0.0, 2591.4664707176303], [0.0, 5876.876636300931, 1727.7538745365352], [0.0, 0.0, 1.0]], "distortion_coefficients": [-0.12291868148414628, 0.17975773791544236, -0.001652131291332528, -0.0016277147621440832, -0.9477441722960875], "rms": 1.1816547272502802, "reprojection_error": {"average": 0.1599984889699704, "stddev": 0.01606351148691206, "image": {"IMG_0038.JPG": 0.17900748896889884, "IMG_0039.JPG": 0.17319618177430446, "IMG_0040.JPG": 0.17377706174186094, "IMG_0041.JPG": 0.15997711514246335, "IMG_0042.JPG": 0.1522620873722632, "IMG_0043.JPG": 0.12883564233138575, "IMG_0044.JPG": 0.1529338454586162}}, "sensor_size_mm": [22.3, 14.9], "fov_degrees": [47.66806611239232, 32.770230601914584], "focal_length_mm": 25.2398192036538, "principal_point_mm": [11.147704918403386, 7.448938868806243], "aspect_ratio": 1.001613581760899, "chessboard_orientations": {"IMG_0038.JPG": {"rotation_matrix": [[0.963825612781035, 0.26609564840350114, -0.015273966347441117], [-0.20532357930416317, 0.7778003305746716, 0.5940276706851781], [0.16994827427482007, -0.5694029782664047, 0.8042995912048935]], "translation": [-0.11411107344239059, -0.036870542064996, 0.408346663894577]}, "IMG_0039.JPG": {"rotation_matrix": [[0.9842454578700569, 0.1746462234647103, -0.027560393532688077], [-0.12107089517995787, 0.7793335140671805, 0.6148016852547034], [0.12885153085037762, -0.6017790046862836, 0.788200046001204]], "translation": [-0.10910525794235573, -0.040644370596949767, 0.4265209353156712]}, "IMG_0040.JPG": {"rotation_matrix": [[0.9324086570139648, -0.3605510978770404, 0.024839527875452808], [0.2633982827328355, 0.7250077163713938, 0.6363844402995172], [-0.24745795800258247, -0.5868276723379678, 0.7709720111648637]], "translation": [-0.08267585422212681, -0.08290522518923225, 0.500609497567927]}, "IMG_0041.JPG": {"rotation_matrix": [[0.7611116115001869, -0.6479497114583136, 0.02950061458133868], [0.44731868248862444, 0.5572899062317033, 0.6995240930153162], [-0.4696968289612245, -0.5192197336709647, 0.713999829853217]], "translation": [-0.04767262452946956, -0.09388853845862123, 0.5764577134546882]}, "IMG_0042.JPG": {"rotation_matrix": [[0.999911607584997, 0.0039000770676818875, -0.012710877847467196], [0.003986951296065866, 0.8240631145922392, 0.5664839692241085], [0.012683896725765673, -0.5664845739889163, 0.8239747242461057]], "translation": [-0.09853834188656403, -0.05873942375832584, 0.46366566743159143]}, "IMG_0043.JPG": {"rotation_matrix": [[0.9999759083576883, -0.005248609552151855, -0.004542554566013116], [0.0054251227230888086, 0.9991945483281048, 0.03975956029477721], [0.004330213349890715, -0.03978324633766906, 0.9991989504413927]], "translation": [-0.09892673347666861, -0.0576657122797716, 0.43009522956819174]}, "IMG_0044.JPG": {"rotation_matrix": [[0.999972490917673, 0.0020052921488105478, -0.0071411631617046825], [0.003842881325596046, 0.6834114832358458, 0.7300232714403689], [0.0063442628430381435, -0.7300306318126515, 0.6833849771133392]], "translation": [-0.09443949512395197, -0.04785783327942975, 0.5285156222500578]}}}